<?xml version="1.0" encoding="UTF-8"?>
<project-private xmlns="http://www.netbeans.org/ns/project-private/1">
    <editor-bookmarks xmlns="http://www.netbeans.org/ns/editor-bookmarks/2" lastBookmarkId="0"/>
    <open-files xmlns="http://www.netbeans.org/ns/projectui-open-files/2">
        <group>
            <file>file:/C:/Users/05840802042/Desktop/Aula_java/src/estruturaDecisao/EstruturaDecisao3.java</file>
            <file>file:/C:/Users/05840802042/Desktop/Aula_java/src/estruturaDecisao/EstruturaDecisao6.java</file>
            <file>file:/C:/Users/05840802042/Desktop/Aula_java/src/estruturaDecisao/estruturaDecisao2.java</file>
            <file>file:/C:/Users/05840802042/Desktop/Aula_java/src/estruturaDecisao/AulaCondicional.java</file>
            <file>file:/C:/Users/05840802042/Desktop/Aula_java/src/estruturaDecisao/EstruturaDecisao5.java</file>
            <file>file:/C:/Users/05840802042/Desktop/Aula_java/src/estruturaDecisao/EstruturaDecisao4.java</file>
        </group>
    </open-files>
</project-private>
